ST,ST_conf
0.8470023713597973,0.419451245427256
0.5741712125304518,0.2980212096912865
