metric,mu,sigma
ks_pvals,1.02650904e-32,1.5253943e-25
c2st_ranks,0.835,0.74666667
c2st_dap,0.49166667,0.41
